{"cameraMode":{"drawMode":0,"name":"Shaded","section":"Shading Mode"},"sceneLighting":true,"audioPlay":false,"sceneViewState":{"m_AlwaysRefresh":false,"showFog":true,"showSkybox":true,"showFlares":true,"showImageEffects":true,"showParticleSystems":true,"showVisualEffectGraphs":true,"m_FxEnabled":true},"in2DMode":false,"pivot":{"x":10.180000305175782,"y":0.8349973559379578,"z":1.8152207136154175},"rotation":{"x":-0.017086638137698175,"y":-0.9287014603614807,"z":0.36815187335014346,"w":-0.04324530437588692},"size":3.8872458934783937,"orthographic":false}